artist,lived,place,work,date,period-genre,keywords,notes,artist-url,work-url
"","","Ancient Greece — Athens","Parthenon East Pediment Sculptures","c. 438–432 BCE","Classical Greek; architectural sculpture","Parthenon, pediment, Athena, marble, drapery, gods, Phidias","East-pediment figures depicting the birth of Athena; part of the sculptural program traditionally associated with Phidias.","",""
"","","Ancient Greece — Samothrace","Winged Victory of Samothrace (Nike of Samothrace)","c. 190 BCE","Hellenistic Greek; sculpture","Nike, victory, wings, marble, movement, drapery","Monumental marble Nike originally positioned above a ship-shaped base.","","https://en.wikipedia.org/wiki/Winged_Victory_of_Samothrace"
"","","France — Paris","Notre-Dame de Paris","1163–c. 1345","Gothic; architecture; cathedral","Gothic, cathedral, flying buttresses, towers, gargoyles, rose windows, sculpture","Major French Gothic cathedral developed over nearly two centuries.","","https://en.wikipedia.org/wiki/Notre-Dame_de_Paris"
"Andrea Mantegna","c. 1431–1506","Italy — Padua; Mantua","Battle of the Sea Gods","before 1481","Italian Renaissance; engraving; mythological","Tritons, sea gods, bones, combat, monsters, classical antiquity, frieze","Two-part mythological engraving inspired by ancient Roman relief sculpture.","https://en.wikipedia.org/wiki/Andrea_Mantegna","https://en.wikipedia.org/wiki/Battle_of_the_Sea_Gods"
"Leonardo da Vinci","1452–1519","Italy — Florence; Milan; Rome; France","","","High Renaissance","sfumato, atmosphere, anatomy, nature, light, drawing","Painter, draftsman and polymath; exceptionally small surviving body of paintings.","https://en.wikipedia.org/wiki/Leonardo_da_Vinci",""
"Hieronymus Bosch","c. 1450–1516","Netherlands — ’s-Hertogenbosch","Turtle and a Winged Demon","c. 1500–1510","Northern Renaissance; drawing","demon, turtle, hybrid creature, grotesque, fantasy, ink, monster","Bizarre hybrid combining animal and demonic forms.","https://en.wikipedia.org/wiki/Hieronymus_Bosch",""
"Daniel Hopfer","c. 1470–1536","Germany — Augsburg","Soldier and His Wife","early 16th century","Northern Renaissance; German Renaissance; etching","Landsknecht, soldier, couple, costume, feathers, mercenary, Renaissance","Landsknecht and his wife in elaborate early-16th-century dress.","",""
"Albrecht Dürer","1471–1528","Germany — Nuremberg; Italy; Netherlands","The Nativity; Bearing of the Cross; Knight, Death, and the Devil; Large Triumphal Carriage of Maximilian I; Erasmus of Rotterdam","1504; 1512; 1513; 1522; 1526","Northern Renaissance; German Renaissance; engraving; woodcut","religious, architecture, knight, Death, allegory, imperial, humanism","Five works spanning religious, allegorical, imperial and portrait printmaking.","https://en.wikipedia.org/wiki/Albrecht_D%C3%BCrer","https://en.wikipedia.org/wiki/Knight%2C_Death_and_the_Devil"
"Pordenone (Giovanni Antonio de’ Sacchis)","c. 1483/84–1539","Italy — Pordenone; Venice","The Martyrdom of Saint Peter Martyr","1526–1528","Italian Renaissance; drawing; religious","martyrdom, armor, Dominican, murder, angels, forest, violence","Design depicting the assassination of Saint Peter of Verona.","",""
"Hans Holbein the Younger","c. 1497–1543","Germany — Augsburg; Switzerland — Basel; England — London","The Triumph of Wealth (The Triumph of Riches)","1533","Northern Renaissance; drawing; allegory","wealth, riches, allegory, procession, figures, power, ink, wash","Dense allegorical procession personifying wealth and its influence.","https://en.wikipedia.org/wiki/Hans_Holbein_the_Younger",""
"Pieter Bruegel the Elder","c. 1525–1569","Low Countries — Antwerp; Brussels","","","Northern Renaissance; Netherlandish Renaissance","landscape, peasant life, allegory, biblical, winter, crowds, nature","Known for expansive landscapes and densely observed scenes.","https://en.wikipedia.org/wiki/Pieter_Bruegel_the_Elder",""
"Germain Pilon","1528–1590","France — Paris","The Virgin of Sorrows","c. 1586","French Renaissance; Mannerism; sculpture","Virgin Mary, grief, mourning, drapery, devotional, marble","Seated Virgin expressing restrained but intense grief.","https://en.wikipedia.org/wiki/Germain_Pilon",""
"Jacobus Neeffs","1610–after 1660","Flanders — Antwerp","The Fall of the Rebel Angels, after Peter Paul Rubens","1640–1677","Flemish Baroque; engraving","Archangel Michael, rebel angels, demons, fall, battle, engraving","Michael drives a writhing mass of rebel angels and demons from Heaven.","",""
"Rembrandt van Rijn","1606–1669","Netherlands — Leiden; Amsterdam","Landscape with the Rest on the Flight into Egypt","1647","Dutch Golden Age; Baroque; landscape","nightscape, biblical, landscape, chiaroscuro, firelight, atmosphere","Holy Family visually secondary to the dark illuminated landscape.","https://en.wikipedia.org/wiki/Rembrandt",""
"Artus Quellinus the Elder","1609–1668","Flanders; Netherlands — Amsterdam","The Fall of Icarus","1655","Dutch Baroque; architectural relief; mythological","Icarus, Daedalus, Labyrinth, sun, sea, hubris, bankruptcy","Marble relief in the Royal Palace Amsterdam; Icarus's fall serves as an allegory of reckless ambition and ruin.","",""
"Giovanni Battista Piranesi","1720–1778","Italy — Venice; Rome","Carceri d'invenzione (Imaginary Prisons)","c. 1750; revised 1761","Neoclassicism; architectural etching; proto-Romantic","imaginary architecture, prisons, staircases, ruins, shadow, monumental","Fantastical prison interiors with immense arches, bridges, stairs and machinery.","https://en.wikipedia.org/wiki/Giovanni_Battista_Piranesi","https://en.wikipedia.org/wiki/Carceri_d%27invenzione"
"Louis-Jean Desprez","1743–1804","France; Italy; Sweden — Stockholm","The Tomb of Agamemnon; Project for a “Temple of Immortality” Dedicated to Catherine II — Inauguration of the Temple","c. 1787; c. 1790","Neoclassicism; early Romanticism; architectural fantasy","monumental architecture, temple, ancient architecture, ceremony, torchlight, darkness, sublime","Two theatrical architectural visions emphasizing immense scale, dramatic illumination and human figures dwarfed by monumental interiors.","https://en.wikipedia.org/wiki/Louis-Jean_Desprez",""
"Sebastian Pether","1793–1844","England — Chelsea; London","","","Romantic era; landscape; nocturne","moonlight, nightscape, ruins, firelight, atmospheric landscape","Landscape painter specializing in moonlit, sunset and firelit scenes.","https://en.wikipedia.org/wiki/Sebastian_Pether",""
"Thomas Cole","1801–1848","United States — New York","The Course of Empire","1833–1836","Romanticism; Hudson River School; landscape; allegory","civilization, empire, ruins, architecture, wilderness, destruction, desolation, sublime","Five-painting cycle tracing an imagined civilization from wilderness through imperial grandeur to destruction and desolation.","https://en.wikipedia.org/wiki/Thomas_Cole","https://en.wikipedia.org/wiki/The_Course_of_Empire_%28paintings%29"
"Petrus van Schendel","1806–1870","Netherlands; Belgium — Brussels","A Moonlit River with a Fire Blazing in the Background","","Romanticism; landscape; nocturne","moonlight, river, boats, firelight, night, reflection, atmosphere","Moonlit riverscape contrasting cool lunar illumination with intense fire among trees.","https://en.wikipedia.org/wiki/Petrus_van_Schendel",""
"Gustave Doré","1832–1883","France — Strasbourg; Paris","","","Romanticism; illustration; printmaking","engraving, biblical, literary, dark, fantastic, dramatic","Known for monumental, atmospheric illustrations of classic literature.","https://en.wikipedia.org/wiki/Gustave_Dor%C3%A9",""
"Carl Hilgers","1818–1890","Germany — Düsseldorf","Winter Landscape with Convent Church","1859","German Romanticism; landscape","winter, snow, Gothic church, architecture, village, atmospheric light","Snow-covered landscape centered on a Gothic convent church.","",""
"Louis Apol","1850–1936","Netherlands — The Hague","A January Evening in the Woods of The Hague","1875","Hague School; landscape","winter, snow, forest, evening, atmosphere, muted light","Winter view of Haagse Bos in The Hague.","https://en.wikipedia.org/wiki/Louis_Apol",""
"August Friedrich Albrecht Schenck","1828–1901","Denmark; France — Écouen","Anguish","1878","animal painting; Realism","ewe, lamb, crows, snow, grief, death, winter, isolation","Ewe stands over her dead lamb while a menacing circle of crows gathers.","https://en.wikipedia.org/wiki/August_Friedrich_Schenck","https://en.wikipedia.org/wiki/Anguish_(Schenck)"
"John Charles Dollman","1851–1934","England — London","Famine","1904","British; allegorical painting","famine, winter, wolves, carrion birds, desolation, snow, allegory","Famine personified as a solitary hooded figure amid wolves and birds in a barren winter landscape.","https://en.wikipedia.org/wiki/John_Charles_Dollman",""
"Carel Willink","1900–1983","Netherlands — Amsterdam","View of a Bay","1935","magic realism; landscape","bay, mountains, architecture, dramatic sky, stillness, atmosphere, uncanny","Precisely rendered coastal landscape with a strangely suspended, monumental atmosphere.","https://en.wikipedia.org/wiki/Carel_Willink",""
"Léon Krier","1946–2025","Luxembourg; United Kingdom; international","","","New Classical architecture; architectural drawing; urbanism","architecture, drawing, classical, imaginary cities, urbanism, monuments, linework","Architect and theorist known for architectural drawings, imaginary projects and traditional urbanism.","https://en.wikipedia.org/wiki/L%C3%A9on_Krier",""
"Gérard Trignac","1955–","France — Bordeaux; Saint-Selve","","","contemporary; etching; architectural fantasy","imaginary cities, monumental architecture, labyrinths, ruins, industrial, shadow","French engraver and architectural dreamer known for vast imaginary cityscapes influenced by Piranesi.","https://fr.wikipedia.org/wiki/G%C3%A9rard_Trignac",""
"Tony DiTerlizzi","1969–","United States","Planescape works, including The Lady of Pain","1994–","fantasy; RPG illustration","Planescape, Lady of Pain, Sigil, ink, fantasy, surreal, character design","Defined much of Planescape's distinctive visual language.","https://en.wikipedia.org/wiki/Tony_DiTerlizzi","https://en.wikipedia.org/wiki/Planescape"
"Caelan Stokkermans","","United States","Lorna Shore — Immortal; Distant — Aeons of Oblivion","2019; 2021","contemporary; album artwork; dark fantasy","monumental, cathedral, ancient god, ruins, effigy, ritual, desolate landscape, dark fantasy","Album artwork emphasizing monumental environments and ritual imagery; Aeons incorporates a cathedral carved into a buried ancient figure.","",""
"Darek Zabrocki","","Poland","Windmill Tower; Impression of a Cathedral","2020;","contemporary; concept art; environmental design","monumental architecture, Gothic, cathedral, ruins, overgrowth, windmill, atmosphere, light, fantasy","Environmental concept works emphasizing enormous architectural spaces and atmospheric scale.","https://en.wikipedia.org/wiki/Darek_Zabrocki",""
